DATE,GS10,GS2,GS3M,GS3,GS1
1953-04-01,2.83,,,2.51,2.36
1953-05-01,3.05,,,2.72,2.48
1953-06-01,3.11,,,2.74,2.45
1953-07-01,2.93,,,2.62,2.38
1953-08-01,2.95,,,2.58,2.28
1953-09-01,2.87,,,2.56,2.20
1953-10-01,2.66,,,2.23,1.79
1953-11-01,2.68,,,2.20,1.67
1953-12-01,2.59,,,2.07,1.66
1954-01-01,2.48,,,1.89,1.41
1954-02-01,2.47,,,1.63,1.14
1954-03-01,2.37,,,1.59,1.13
1954-04-01,2.29,,,1.54,0.96
1954-05-01,2.37,,,1.56,0.85
1954-06-01,2.38,,,1.53,0.82
1954-07-01,2.30,,,1.47,0.84
1954-08-01,2.36,,,1.49,0.88
1954-09-01,2.38,,,1.60,1.03
1954-10-01,2.43,,,1.72,1.17
1954-11-01,2.48,,,1.75,1.14
1954-12-01,2.51,,,1.81,1.21
1955-01-01,2.61,,,1.99,1.39
1955-02-01,2.65,,,2.12,1.57
1955-03-01,2.68,,,2.26,1.59
1955-04-01,2.75,,,2.37,1.75
1955-05-01,2.76,,,2.37,1.90
1955-06-01,2.78,,,2.39,1.91
1955-07-01,2.90,,,2.51,2.02
1955-08-01,2.97,,,2.72,2.37
1955-09-01,2.97,,,2.69,2.36
1955-10-01,2.88,,,2.62,2.39
1955-11-01,2.89,,,2.73,2.48
1955-12-01,2.96,,,2.88,2.73
1956-01-01,2.90,,,2.78,2.58
1956-02-01,2.84,,,2.67,2.49
1956-03-01,2.96,,,2.89,2.61
1956-04-01,3.18,,,3.19,2.92
1956-05-01,3.07,,,3.08,2.94
1956-06-01,3.00,,,2.95,2.74
1956-07-01,3.11,,,3.06,2.76
1956-08-01,3.33,,,3.39,3.10
1956-09-01,3.38,,,3.50,3.35
1956-10-01,3.34,,,3.40,3.28
1956-11-01,3.49,,,3.57,3.44
1956-12-01,3.59,,,3.76,3.68
1957-01-01,3.46,,,3.46,3.37
1957-02-01,3.34,,,3.42,3.38
1957-03-01,3.41,,,3.47,3.42
1957-04-01,3.48,,,3.53,3.49
1957-05-01,3.60,,,3.61,3.48
1957-06-01,3.80,,,3.80,3.65
1957-07-01,3.93,,,3.96,3.81
1957-08-01,3.93,,,4.02,4.01
1957-09-01,3.92,,,4.06,4.07
1957-10-01,3.97,,,4.09,4.01
1957-11-01,3.72,,,3.70,3.57
1957-12-01,3.21,,,3.11,3.18
1958-01-01,3.09,,,2.78,2.65
1958-02-01,3.05,,,2.58,1.99
1958-03-01,2.98,,,2.40,1.84
1958-04-01,2.88,,,2.15,1.45
1958-05-01,2.92,,,2.07,1.37
1958-06-01,2.97,,,2.08,1.23
1958-07-01,3.20,,,2.42,1.61
1958-08-01,3.54,,,3.06,2.50
1958-09-01,3.76,,,3.52,3.05
1958-10-01,3.80,,,3.67,3.19
1958-11-01,3.74,,,3.60,3.10
1958-12-01,3.86,,,3.72,3.29
1959-01-01,4.02,,,3.91,3.36
1959-02-01,3.96,,,3.92,3.54
1959-03-01,3.99,,,3.97,3.61
1959-04-01,4.12,,,4.03,3.72
1959-05-01,4.31,,,4.25,3.96
1959-06-01,4.34,,,4.52,4.07
1959-07-01,4.40,,,4.60,4.39
1959-08-01,4.43,,,4.60,4.42
1959-09-01,4.68,,,4.97,5.00
1959-10-01,4.53,,,4.78,4.80
1959-11-01,4.53,,,4.85,4.81
1959-12-01,4.69,,,5.12,5.14
1960-01-01,4.72,,,4.99,5.03
1960-02-01,4.49,,,4.73,4.66
1960-03-01,4.25,,,4.29,4.02
1960-04-01,4.28,,,4.27,4.04
1960-05-01,4.35,,,4.46,4.21
1960-06-01,4.15,,,4.01,3.36
1960-07-01,3.90,,,3.63,3.20
1960-08-01,3.80,,,3.41,2.95
1960-09-01,3.80,,,3.43,3.07
1960-10-01,3.89,,,3.53,3.04
1960-11-01,3.93,,,3.60,3.08
1960-12-01,3.84,,,3.42,2.86
1961-01-01,3.84,,,3.39,2.81
1961-02-01,3.78,,,3.46,2.93
1961-03-01,3.74,,,3.35,2.88
1961-04-01,3.78,,,3.33,2.88
1961-05-01,3.71,,,3.23,2.87
1961-06-01,3.88,,,3.63,3.06
1961-07-01,3.92,,,3.59,2.92
1961-08-01,4.04,,,3.76,3.06
1961-09-01,3.98,,,3.73,3.06
1961-10-01,3.92,,,3.62,3.05
1961-11-01,3.94,,,3.61,3.07
1961-12-01,4.06,,,3.72,3.18
1962-01-01,4.08,,,3.76,3.28
1962-02-01,4.04,,,3.69,3.28
1962-03-01,3.93,,,3.45,3.06
1962-04-01,3.84,,,3.38,2.99
1962-05-01,3.87,,,3.40,3.03
1962-06-01,3.91,,,3.39,3.03
1962-07-01,4.01,,,3.62,3.29
1962-08-01,3.98,,,3.46,3.20
1962-09-01,3.98,,,3.41,3.06
1962-10-01,3.93,,,3.33,2.98
1962-11-01,3.92,,,3.40,3.00
1962-12-01,3.86,,,3.37,3.01
1963-01-01,3.83,,,3.40,3.04
1963-02-01,3.92,,,3.39,3.01
1963-03-01,3.93,,,3.41,3.03
1963-04-01,3.97,,,3.50,3.11
1963-05-01,3.93,,,3.54,3.12
1963-06-01,3.99,,,3.61,3.20
1963-07-01,4.02,,,3.76,3.48
1963-08-01,4.00,,,3.77,3.53
1963-09-01,4.08,,,3.82,3.57
1963-10-01,4.11,,,3.87,3.64
1963-11-01,4.12,,,3.95,3.74
1963-12-01,4.13,,,4.01,3.81
1964-01-01,4.17,,,4.04,3.79
1964-02-01,4.15,,,4.00,3.78
1964-03-01,4.22,,,4.12,3.91
1964-04-01,4.23,,,4.15,3.91
1964-05-01,4.20,,,4.04,3.84
1964-06-01,4.17,,,4.01,3.83
1964-07-01,4.19,,,3.93,3.72
1964-08-01,4.19,,,3.93,3.74
1964-09-01,4.20,,,4.01,3.84
1964-10-01,4.19,,,4.02,3.86
1964-11-01,4.15,,,4.04,3.91
1964-12-01,4.18,,,4.08,4.02
1965-01-01,4.19,,,4.03,3.94
1965-02-01,4.21,,,4.08,4.03
1965-03-01,4.21,,,4.13,4.06
1965-04-01,4.20,,,4.12,4.04
1965-05-01,4.21,,,4.11,4.03
1965-06-01,4.21,,,4.08,3.99
1965-07-01,4.20,,,4.09,3.98
1965-08-01,4.25,,,4.16,4.07
1965-09-01,4.29,,,4.24,4.20
1965-10-01,4.35,,,4.33,4.30
1965-11-01,4.45,,,4.45,4.37
1965-12-01,4.62,,,4.79,4.72
1966-01-01,4.61,,,4.90,4.88
1966-02-01,4.83,,,5.02,4.94
1966-03-01,4.87,,,4.97,4.97
1966-04-01,4.75,,,4.89,4.90
1966-05-01,4.78,,,5.00,4.93
1966-06-01,4.81,,,5.05,4.97
1966-07-01,5.02,,,5.26,5.17
1966-08-01,5.22,,,5.68,5.54
1966-09-01,5.18,,,5.79,5.82
1966-10-01,5.01,,,5.48,5.58
1966-11-01,5.16,,,5.53,5.54
1966-12-01,4.84,,,5.19,5.20
1967-01-01,4.58,,,4.75,4.75
1967-02-01,4.63,,,4.73,4.71
1967-03-01,4.54,,,4.47,4.35
1967-04-01,4.59,,,4.38,4.11
1967-05-01,4.85,,,4.61,4.15
1967-06-01,5.02,,,4.89,4.48
1967-07-01,5.16,,,5.06,5.01
1967-08-01,5.28,,,5.23,5.13
1967-09-01,5.30,,,5.41,5.24
1967-10-01,5.48,,,5.52,5.37
1967-11-01,5.75,,,5.71,5.61
1967-12-01,5.70,,,5.71,5.71
1968-01-01,5.53,,,5.53,5.43
1968-02-01,5.56,,,5.61,5.41
1968-03-01,5.74,,,5.80,5.58
1968-04-01,5.64,,,5.75,5.71
1968-05-01,5.87,,,6.11,6.14
1968-06-01,5.72,,,5.82,5.98
1968-07-01,5.50,,,5.54,5.65
1968-08-01,5.42,,,5.42,5.43
1968-09-01,5.46,,,5.39,5.45
1968-10-01,5.58,,,5.52,5.57
1968-11-01,5.70,,,5.57,5.75
1968-12-01,6.03,,,6.16,6.19
1969-01-01,6.04,,,6.22,6.34
1969-02-01,6.19,,,6.32,6.41
1969-03-01,6.30,,,6.38,6.34
1969-04-01,6.17,,,6.25,6.26
1969-05-01,6.32,,,6.51,6.42
1969-06-01,6.57,,,6.83,7.04
1969-07-01,6.72,,,7.31,7.60
1969-08-01,6.69,,,7.29,7.54
1969-09-01,7.16,,,7.77,7.82
1969-10-01,7.10,,,7.57,7.64
1969-11-01,7.14,,,7.65,7.89
1969-12-01,7.65,,,8.10,8.17
1970-01-01,7.79,,,8.24,8.10
1970-02-01,7.24,,,7.79,7.59
1970-03-01,7.07,,,7.15,6.97
1970-04-01,7.39,,,7.39,7.06
1970-05-01,7.91,,,7.94,7.75
1970-06-01,7.84,,,7.84,7.55
1970-07-01,7.46,,,7.56,7.10
1970-08-01,7.53,,,7.46,6.98
1970-09-01,7.39,,,7.11,6.73
1970-10-01,7.33,,,6.96,6.43
1970-11-01,6.84,,,6.25,5.51
1970-12-01,6.39,,,5.75,5.00
1971-01-01,6.24,,,5.61,4.57
1971-02-01,6.11,,,5.07,3.89
1971-03-01,5.70,,,4.50,3.69
1971-04-01,5.83,,,5.22,4.30
1971-05-01,6.39,,,5.97,5.04
1971-06-01,6.52,,,6.32,5.64
1971-07-01,6.73,,,6.74,6.04
1971-08-01,6.58,,,6.35,5.80
1971-09-01,6.14,,,5.89,5.41
1971-10-01,5.93,,,5.56,4.91
1971-11-01,5.81,,,5.35,4.67
1971-12-01,5.93,,,5.27,4.60
1972-01-01,5.95,,,5.14,4.28
1972-02-01,6.08,,,5.25,4.27
1972-03-01,6.07,,,5.56,4.67
1972-04-01,6.19,,,5.88,4.96
1972-05-01,6.13,,,5.55,4.64
1972-06-01,6.11,,,5.64,4.93
1972-07-01,6.11,,,5.78,4.96
1972-08-01,6.21,,,5.79,4.98
1972-09-01,6.55,,,6.06,5.52
1972-10-01,6.48,,,6.05,5.52
1972-11-01,6.28,,,5.94,5.27
1972-12-01,6.36,,,6.01,5.52
1973-01-01,6.46,,,6.27,5.89
1973-02-01,6.64,,,6.58,6.19
1973-03-01,6.71,,,6.86,6.85
1973-04-01,6.67,,,6.78,6.85
1973-05-01,6.85,,,6.83,6.89
1973-06-01,6.90,,,6.84,7.31
1973-07-01,7.13,,,7.54,8.39
1973-08-01,7.40,,,7.89,8.82
1973-09-01,7.09,,,7.25,8.31
1973-10-01,6.79,,,6.81,7.40
1973-11-01,6.73,,,7.00,7.57
1973-12-01,6.74,,,6.81,7.27
1974-01-01,6.99,,,6.96,7.42
1974-02-01,6.96,,,6.76,6.88
1974-03-01,7.21,,,7.35,7.76
1974-04-01,7.51,,,8.05,8.62
1974-05-01,7.58,,,8.27,8.78
1974-06-01,7.54,,,8.15,8.67
1974-07-01,7.81,,,8.41,8.80
1974-08-01,8.04,,,8.66,9.36
1974-09-01,8.04,,,8.41,8.87
1974-10-01,7.90,,,8.00,8.05
1974-11-01,7.68,,,7.61,7.66
1974-12-01,7.43,,,7.24,7.31
1975-01-01,7.50,,,7.23,6.83
1975-02-01,7.39,,,6.65,5.98
1975-03-01,7.73,,,6.81,6.11
1975-04-01,8.23,,,7.76,6.90
1975-05-01,8.06,,,7.39,6.39
1975-06-01,7.86,,,7.17,6.29
1975-07-01,8.06,,,7.72,7.11
1975-08-01,8.40,,,8.16,7.70
1975-09-01,8.43,,,8.29,7.75
1975-10-01,8.14,,,7.81,6.95
1975-11-01,8.05,,,7.46,6.49
1975-12-01,8.00,,,7.43,6.60
1976-01-01,7.74,,,6.99,5.81
1976-02-01,7.79,,,7.06,5.91
1976-03-01,7.73,,,7.13,6.21
1976-04-01,7.56,,,6.84,5.92
1976-05-01,7.90,,,7.27,6.40
1976-06-01,7.86,7.06,,7.31,6.52
1976-07-01,7.83,6.85,,7.12,6.20
1976-08-01,7.77,6.63,,6.86,6.00
1976-09-01,7.59,6.42,,6.66,5.84
1976-10-01,7.41,5.98,,6.24,5.50
1976-11-01,7.29,5.81,,6.09,5.29
1976-12-01,6.87,5.38,,5.68,4.89
1977-01-01,7.21,5.90,,6.22,5.29
1977-02-01,7.39,6.09,,6.44,5.47
1977-03-01,7.46,6.09,,6.47,5.50
1977-04-01,7.37,5.96,,6.31,5.44
1977-05-01,7.46,6.25,,6.55,5.84
1977-06-01,7.28,6.13,,6.39,5.80
1977-07-01,7.33,6.27,,6.51,5.94
1977-08-01,7.40,6.61,,6.79,6.37
1977-09-01,7.34,6.71,,6.84,6.53
1977-10-01,7.52,7.11,,7.19,6.97
1977-11-01,7.58,7.14,,7.22,6.95
1977-12-01,7.69,7.18,,7.30,6.96
1978-01-01,7.96,7.49,,7.61,7.28
1978-02-01,8.03,7.57,,7.67,7.34
1978-03-01,8.04,7.58,,7.70,7.31
1978-04-01,8.15,7.74,,7.85,7.45
1978-05-01,8.35,8.01,,8.07,7.82
1978-06-01,8.46,8.24,,8.30,8.09
1978-07-01,8.64,8.49,,8.54,8.39
1978-08-01,8.41,8.37,,8.33,8.31
1978-09-01,8.42,8.57,,8.41,8.64
1978-10-01,8.64,8.85,,8.62,9.14
1978-11-01,8.81,9.42,,9.04,10.01
1978-12-01,9.01,9.72,,9.33,10.30
1979-01-01,9.10,9.86,,9.50,10.41
1979-02-01,9.10,9.72,,9.29,10.24
1979-03-01,9.12,9.79,,9.38,10.25
1979-04-01,9.18,9.78,,9.43,10.12
1979-05-01,9.25,9.78,,9.42,10.12
1979-06-01,8.91,9.22,,8.95,9.57
1979-07-01,8.95,9.14,,8.94,9.64
1979-08-01,9.03,9.46,,9.14,9.98
1979-09-01,9.33,10.06,,9.69,10.84
1979-10-01,10.30,11.49,,10.95,12.44
1979-11-01,10.65,11.81,,11.18,12.39
1979-12-01,10.39,11.39,,10.71,11.98
1980-01-01,10.80,11.50,,10.88,12.06
1980-02-01,12.41,13.42,,12.84,13.92
1980-03-01,12.75,14.88,,14.05,15.82
1980-04-01,11.47,12.50,,12.02,13.30
1980-05-01,10.18,9.45,,9.44,9.39
1980-06-01,9.78,8.73,,8.91,8.16
1980-07-01,10.25,9.03,,9.27,8.65
1980-08-01,11.10,10.53,,10.63,10.24
1980-09-01,11.51,11.57,,11.57,11.52
1980-10-01,11.75,12.09,,12.01,12.49
1980-11-01,12.68,13.51,,13.31,14.15
1980-12-01,12.84,14.08,,13.65,14.88
1981-01-01,12.57,13.26,,13.01,14.08
1981-02-01,13.19,13.92,,13.65,14.57
1981-03-01,13.12,13.57,,13.51,13.71
1981-04-01,13.68,14.15,,14.09,14.32
1981-05-01,14.10,15.46,,15.08,16.20
1981-06-01,13.47,14.51,,14.29,14.86
1981-07-01,14.28,15.35,,15.15,15.72
1981-08-01,14.94,16.28,,16.00,16.72
1981-09-01,15.32,16.46,,16.22,16.52
1981-10-01,15.15,15.54,,15.50,15.38
1981-11-01,13.39,12.88,,13.11,12.41
1981-12-01,13.72,13.29,,13.66,12.85
1982-01-01,14.59,14.57,12.92,14.64,14.32
1982-02-01,14.43,14.82,14.28,14.73,14.73
1982-03-01,13.86,14.19,13.31,14.13,13.95
1982-04-01,13.87,14.20,13.34,14.18,13.98
1982-05-01,13.62,13.78,12.71,13.77,13.34
1982-06-01,14.30,14.47,13.08,14.48,14.07
1982-07-01,13.95,13.80,11.86,14.00,13.24
1982-08-01,13.06,12.32,9.00,12.62,11.43
1982-09-01,12.34,11.78,8.19,12.03,10.85
1982-10-01,10.91,10.19,7.97,10.62,9.32
1982-11-01,10.55,9.80,8.35,9.98,9.16
1982-12-01,10.54,9.66,8.20,9.88,8.91
1983-01-01,10.46,9.33,8.12,9.64,8.62
1983-02-01,10.72,9.64,8.39,9.91,8.92
1983-03-01,10.51,9.66,8.66,9.84,9.04
1983-04-01,10.40,9.57,8.51,9.76,8.98
1983-05-01,10.38,9.49,8.50,9.66,8.90
1983-06-01,10.85,10.18,9.14,10.32,9.66
1983-07-01,11.38,10.69,9.45,10.90,10.20
1983-08-01,11.85,11.07,9.74,11.30,10.53
1983-09-01,11.65,10.79,9.36,11.07,10.16
1983-10-01,11.54,10.57,8.99,10.87,9.81
1983-11-01,11.69,10.66,9.11,10.96,9.94
1983-12-01,11.83,10.84,9.36,11.13,10.11
1984-01-01,11.67,10.64,9.26,10.93,9.90
1984-02-01,11.84,10.79,9.46,11.05,10.04
1984-03-01,12.32,11.31,9.89,11.59,10.59
1984-04-01,12.63,11.69,10.07,11.98,10.90
1984-05-01,13.41,12.47,10.22,12.75,11.66
1984-06-01,13.56,12.91,10.26,13.18,12.08
1984-07-01,13.36,12.88,10.53,13.08,12.03
1984-08-01,12.72,12.43,10.90,12.50,11.82
1984-09-01,12.52,12.20,10.80,12.34,11.58
1984-10-01,12.16,11.60,10.12,11.85,10.90
1984-11-01,11.57,10.65,8.92,10.90,9.82
1984-12-01,11.50,10.18,8.34,10.56,9.33
1985-01-01,11.38,9.93,8.02,10.43,9.02
1985-02-01,11.51,10.17,8.56,10.55,9.29
1985-03-01,11.86,10.71,8.83,11.05,9.86
1985-04-01,11.43,10.09,8.22,10.49,9.14
1985-05-01,10.85,9.39,7.73,9.75,8.46
1985-06-01,10.16,8.69,7.18,9.05,7.80
1985-07-01,10.31,8.77,7.32,9.18,7.86
1985-08-01,10.33,8.94,7.37,9.31,8.05
1985-09-01,10.37,8.98,7.33,9.37,8.07
1985-10-01,10.24,8.86,7.40,9.25,8.01
1985-11-01,9.78,8.58,7.48,8.88,7.88
1985-12-01,9.26,8.15,7.33,8.40,7.67
1986-01-01,9.19,8.14,7.30,8.41,7.73
1986-02-01,8.70,7.97,7.29,8.10,7.61
1986-03-01,7.78,7.21,6.76,7.30,7.03
1986-04-01,7.30,6.70,6.24,6.86,6.44
1986-05-01,7.71,7.07,6.33,7.27,6.65
1986-06-01,7.80,7.18,6.40,7.41,6.73
1986-07-01,7.30,6.67,6.00,6.86,6.27
1986-08-01,7.17,6.33,5.69,6.49,5.93
1986-09-01,7.45,6.35,5.35,6.62,5.77
1986-10-01,7.43,6.28,5.32,6.56,5.72
1986-11-01,7.25,6.28,5.50,6.46,5.80
1986-12-01,7.11,6.27,5.68,6.43,5.87
1987-01-01,7.08,6.23,5.58,6.41,5.78
1987-02-01,7.25,6.40,5.75,6.56,5.96
1987-03-01,7.25,6.42,5.77,6.58,6.03
1987-04-01,8.02,7.02,5.82,7.32,6.50
1987-05-01,8.61,7.76,5.85,8.02,7.00
1987-06-01,8.40,7.57,5.85,7.82,6.80
1987-07-01,8.45,7.44,5.88,7.74,6.68
1987-08-01,8.76,7.75,6.23,8.03,7.03
1987-09-01,9.42,8.34,6.62,8.67,7.67
1987-10-01,9.52,8.40,6.35,8.75,7.59
1987-11-01,8.86,7.69,5.89,7.99,6.96
1987-12-01,8.99,7.86,5.96,8.13,7.17
1988-01-01,8.67,7.63,6.00,7.87,6.99
1988-02-01,8.21,7.18,5.84,7.38,6.64
1988-03-01,8.37,7.27,5.87,7.50,6.71
1988-04-01,8.72,7.59,6.08,7.83,7.01
1988-05-01,9.09,8.00,6.45,8.24,7.40
1988-06-01,8.92,8.03,6.66,8.22,7.49
1988-07-01,9.06,8.28,6.95,8.44,7.75
1988-08-01,9.26,8.63,7.30,8.77,8.17
1988-09-01,8.98,8.46,7.48,8.57,8.09
1988-10-01,8.80,8.35,7.60,8.43,8.11
1988-11-01,8.96,8.67,8.03,8.72,8.48
1988-12-01,9.11,9.09,8.35,9.11,8.99
1989-01-01,9.09,9.18,8.56,9.20,9.05
1989-02-01,9.17,9.37,8.84,9.32,9.25
1989-03-01,9.36,9.68,9.14,9.61,9.57
1989-04-01,9.18,9.45,8.96,9.40,9.36
1989-05-01,8.86,9.02,8.74,8.98,8.98
1989-06-01,8.28,8.41,8.43,8.37,8.44
1989-07-01,8.02,7.82,8.15,7.83,7.89
1989-08-01,8.11,8.14,8.17,8.13,8.18
1989-09-01,8.19,8.28,8.01,8.26,8.22
1989-10-01,8.01,7.98,7.90,8.02,7.99
1989-11-01,7.87,7.80,7.94,7.80,7.77
1989-12-01,7.84,7.78,7.88,7.77,7.72
1990-01-01,8.21,8.09,7.90,8.13,7.92
1990-02-01,8.47,8.37,8.00,8.39,8.11
1990-03-01,8.59,8.63,8.17,8.63,8.35
1990-04-01,8.79,8.72,8.04,8.78,8.40
1990-05-01,8.76,8.64,8.01,8.69,8.32
1990-06-01,8.48,8.35,7.99,8.40,8.10
1990-07-01,8.47,8.16,7.87,8.26,7.94
1990-08-01,8.75,8.06,7.69,8.22,7.78
1990-09-01,8.89,8.08,7.60,8.27,7.76
1990-10-01,8.72,7.88,7.40,8.07,7.55
1990-11-01,8.39,7.60,7.29,7.74,7.31
1990-12-01,8.08,7.31,6.95,7.47,7.05
1991-01-01,8.09,7.13,6.41,7.38,6.64
1991-02-01,7.85,6.87,6.12,7.08,6.27
1991-03-01,8.11,7.10,6.09,7.35,6.40
1991-04-01,8.04,6.95,5.83,7.23,6.24
1991-05-01,8.07,6.78,5.63,7.12,6.13
1991-06-01,8.28,6.96,5.75,7.39,6.36
1991-07-01,8.27,6.92,5.75,7.38,6.31
1991-08-01,7.90,6.43,5.50,6.80,5.78
1991-09-01,7.65,6.18,5.37,6.50,5.57
1991-10-01,7.53,5.91,5.14,6.23,5.33
1991-11-01,7.42,5.56,4.69,5.90,4.89
1991-12-01,7.09,5.03,4.18,5.39,4.38
1992-01-01,7.03,4.96,3.91,5.40,4.15
1992-02-01,7.34,5.21,3.95,5.72,4.29
1992-03-01,7.54,5.69,4.14,6.18,4.63
1992-04-01,7.48,5.34,3.84,5.93,4.30
1992-05-01,7.39,5.23,3.72,5.81,4.19
1992-06-01,7.26,5.05,3.75,5.60,4.17
1992-07-01,6.84,4.36,3.28,4.91,3.60
1992-08-01,6.59,4.19,3.20,4.72,3.47
1992-09-01,6.42,3.89,2.97,4.42,3.18
1992-10-01,6.59,4.08,2.93,4.64,3.30
1992-11-01,6.87,4.58,3.21,5.14,3.68
1992-12-01,6.77,4.67,3.29,5.21,3.71
1993-01-01,6.60,4.39,3.07,4.93,3.50
1993-02-01,6.26,4.10,2.99,4.58,3.39
1993-03-01,5.98,3.95,3.01,4.40,3.33
1993-04-01,5.97,3.84,2.93,4.30,3.24
1993-05-01,6.04,3.98,3.03,4.40,3.36
1993-06-01,5.96,4.16,3.14,4.53,3.54
1993-07-01,5.81,4.07,3.11,4.43,3.47
1993-08-01,5.68,4.00,3.09,4.36,3.44
1993-09-01,5.36,3.85,3.01,4.17,3.36
1993-10-01,5.33,3.87,3.09,4.18,3.39
1993-11-01,5.72,4.16,3.18,4.50,3.58
1993-12-01,5.77,4.21,3.13,4.54,3.61
1994-01-01,5.75,4.14,3.04,4.48,3.54
1994-02-01,5.97,4.47,3.33,4.83,3.87
1994-03-01,6.48,5.00,3.59,5.40,4.32
1994-04-01,6.97,5.55,3.78,5.99,4.82
1994-05-01,7.18,5.97,4.27,6.34,5.31
1994-06-01,7.10,5.93,4.25,6.27,5.27
1994-07-01,7.30,6.13,4.46,6.48,5.48
1994-08-01,7.24,6.18,4.61,6.50,5.56
1994-09-01,7.46,6.39,4.75,6.69,5.76
1994-10-01,7.74,6.73,5.10,7.04,6.11
1994-11-01,7.96,7.15,5.45,7.44,6.54
1994-12-01,7.81,7.59,5.76,7.71,7.14
1995-01-01,7.78,7.51,5.90,7.66,7.05
1995-02-01,7.47,7.11,5.94,7.25,6.70
1995-03-01,7.20,6.78,5.91,6.89,6.43
1995-04-01,7.06,6.57,5.84,6.68,6.27
1995-05-01,6.63,6.17,5.85,6.27,6.00
1995-06-01,6.17,5.72,5.64,5.80,5.64
1995-07-01,6.28,5.78,5.59,5.89,5.59
1995-08-01,6.49,5.98,5.57,6.10,5.75
1995-09-01,6.20,5.81,5.43,5.89,5.62
1995-10-01,6.04,5.70,5.44,5.77,5.59
1995-11-01,5.93,5.48,5.52,5.57,5.43
1995-12-01,5.71,5.32,5.29,5.39,5.31
1996-01-01,5.65,5.11,5.15,5.20,5.09
1996-02-01,5.81,5.03,4.96,5.14,4.94
1996-03-01,6.27,5.66,5.10,5.79,5.34
1996-04-01,6.51,5.96,5.09,6.11,5.54
1996-05-01,6.74,6.10,5.15,6.27,5.64
1996-06-01,6.91,6.30,5.23,6.49,5.81
1996-07-01,6.87,6.27,5.30,6.45,5.85
1996-08-01,6.64,6.03,5.19,6.21,5.67
1996-09-01,6.83,6.23,5.24,6.41,5.83
1996-10-01,6.53,5.91,5.12,6.08,5.55
1996-11-01,6.20,5.70,5.17,5.82,5.42
1996-12-01,6.30,5.78,5.04,5.91,5.47
1997-01-01,6.58,6.01,5.17,6.16,5.61
1997-02-01,6.42,5.90,5.14,6.03,5.53
1997-03-01,6.69,6.22,5.28,6.38,5.80
1997-04-01,6.89,6.45,5.30,6.61,5.99
1997-05-01,6.71,6.28,5.20,6.42,5.87
1997-06-01,6.49,6.09,5.07,6.24,5.69
1997-07-01,6.22,5.89,5.19,6.00,5.54
1997-08-01,6.30,5.94,5.28,6.06,5.56
1997-09-01,6.21,5.88,5.08,5.98,5.52
1997-10-01,6.03,5.77,5.11,5.84,5.46
1997-11-01,5.88,5.71,5.28,5.76,5.46
1997-12-01,5.81,5.72,5.30,5.74,5.53
1998-01-01,5.54,5.36,5.18,5.38,5.24
1998-02-01,5.57,5.42,5.23,5.43,5.31
1998-03-01,5.65,5.56,5.16,5.57,5.39
1998-04-01,5.64,5.56,5.08,5.58,5.38
1998-05-01,5.65,5.59,5.14,5.61,5.44
1998-06-01,5.50,5.52,5.12,5.52,5.41
1998-07-01,5.46,5.46,5.09,5.47,5.36
1998-08-01,5.34,5.27,5.04,5.24,5.21
1998-09-01,4.81,4.67,4.74,4.62,4.71
1998-10-01,4.53,4.09,4.07,4.18,4.12
1998-11-01,4.83,4.54,4.53,4.57,4.53
1998-12-01,4.65,4.51,4.50,4.48,4.52
1999-01-01,4.72,4.62,4.45,4.61,4.51
1999-02-01,5.00,4.88,4.56,4.90,4.70
1999-03-01,5.23,5.05,4.57,5.11,4.78
1999-04-01,5.18,4.98,4.41,5.03,4.69
1999-05-01,5.54,5.25,4.63,5.33,4.85
1999-06-01,5.90,5.62,4.72,5.70,5.10
1999-07-01,5.79,5.55,4.69,5.62,5.03
1999-08-01,5.94,5.68,4.87,5.77,5.20
1999-09-01,5.92,5.66,4.82,5.75,5.25
1999-10-01,6.11,5.86,5.02,5.94,5.43
1999-11-01,6.03,5.86,5.23,5.92,5.55
1999-12-01,6.28,6.10,5.36,6.14,5.84
2000-01-01,6.66,6.44,5.50,6.49,6.12
2000-02-01,6.52,6.61,5.73,6.65,6.22
2000-03-01,6.26,6.53,5.86,6.53,6.22
2000-04-01,5.99,6.40,5.82,6.36,6.15
2000-05-01,6.44,6.81,5.99,6.77,6.33
2000-06-01,6.10,6.48,5.86,6.43,6.17
2000-07-01,6.05,6.34,6.14,6.28,6.08
2000-08-01,5.83,6.23,6.28,6.17,6.18
2000-09-01,5.80,6.08,6.18,6.02,6.13
2000-10-01,5.74,5.91,6.29,5.85,6.01
2000-11-01,5.72,5.88,6.36,5.79,6.09
2000-12-01,5.24,5.35,5.94,5.26,5.60
2001-01-01,5.16,4.76,5.29,4.77,4.81
2001-02-01,5.10,4.66,5.01,4.71,4.68
2001-03-01,4.89,4.34,4.54,4.43,4.30
2001-04-01,5.14,4.23,3.97,4.42,3.98
2001-05-01,5.39,4.26,3.70,4.51,3.78
2001-06-01,5.28,4.08,3.57,4.35,3.58
2001-07-01,5.24,4.04,3.59,4.31,3.62
2001-08-01,4.97,3.76,3.44,4.04,3.47
2001-09-01,4.73,3.12,2.69,3.45,2.82
2001-10-01,4.57,2.73,2.20,3.14,2.33
2001-11-01,4.65,2.78,1.91,3.22,2.18
2001-12-01,5.09,3.11,1.72,3.62,2.22
2002-01-01,5.04,3.03,1.68,3.56,2.16
2002-02-01,4.91,3.02,1.76,3.55,2.23
2002-03-01,5.28,3.56,1.83,4.14,2.57
2002-04-01,5.21,3.42,1.75,4.01,2.48
2002-05-01,5.16,3.26,1.76,3.80,2.35
2002-06-01,4.93,2.99,1.73,3.49,2.20
2002-07-01,4.65,2.56,1.71,3.01,1.96
2002-08-01,4.26,2.13,1.65,2.52,1.76
2002-09-01,3.87,2.00,1.66,2.32,1.72
2002-10-01,3.94,1.91,1.61,2.25,1.65
2002-11-01,4.05,1.92,1.25,2.32,1.49
2002-12-01,4.03,1.84,1.21,2.23,1.45
2003-01-01,4.05,1.74,1.19,2.18,1.36
2003-02-01,3.90,1.63,1.19,2.05,1.30
2003-03-01,3.81,1.57,1.15,1.98,1.24
2003-04-01,3.96,1.62,1.15,2.06,1.27
2003-05-01,3.57,1.42,1.09,1.75,1.18
2003-06-01,3.33,1.23,0.94,1.51,1.01
2003-07-01,3.98,1.47,0.92,1.93,1.12
2003-08-01,4.45,1.86,0.97,2.44,1.31
2003-09-01,4.27,1.71,0.96,2.23,1.24
2003-10-01,4.29,1.75,0.94,2.26,1.25
2003-11-01,4.30,1.93,0.95,2.45,1.34
2003-12-01,4.27,1.91,0.91,2.44,1.31
2004-01-01,4.15,1.76,0.90,2.27,1.24
2004-02-01,4.08,1.74,0.94,2.25,1.24
2004-03-01,3.83,1.58,0.95,2.00,1.19
2004-04-01,4.35,2.07,0.96,2.57,1.43
2004-05-01,4.72,2.53,1.04,3.10,1.78
2004-06-01,4.73,2.76,1.29,3.26,2.12
2004-07-01,4.50,2.64,1.36,3.05,2.10
2004-08-01,4.28,2.51,1.50,2.88,2.02
2004-09-01,4.13,2.53,1.68,2.83,2.12
2004-10-01,4.10,2.58,1.79,2.85,2.23
2004-11-01,4.19,2.85,2.11,3.09,2.50
2004-12-01,4.23,3.01,2.22,3.21,2.67
2005-01-01,4.22,3.22,2.37,3.39,2.86
2005-02-01,4.17,3.38,2.58,3.54,3.03
2005-03-01,4.50,3.73,2.80,3.91,3.30
2005-04-01,4.34,3.65,2.84,3.79,3.32
2005-05-01,4.14,3.64,2.90,3.72,3.33
2005-06-01,4.00,3.64,3.04,3.69,3.36
2005-07-01,4.18,3.87,3.29,3.91,3.64
2005-08-01,4.26,4.04,3.52,4.08,3.87
2005-09-01,4.20,3.95,3.49,3.96,3.85
2005-10-01,4.46,4.27,3.79,4.29,4.18
2005-11-01,4.54,4.42,3.97,4.43,4.33
2005-12-01,4.47,4.40,3.97,4.39,4.35
2006-01-01,4.42,4.40,4.34,4.35,4.45
2006-02-01,4.57,4.67,4.54,4.64,4.68
2006-03-01,4.72,4.73,4.63,4.74,4.77
2006-04-01,4.99,4.89,4.72,4.89,4.90
2006-05-01,5.11,4.97,4.84,4.97,5.00
2006-06-01,5.11,5.12,4.92,5.09,5.16
2006-07-01,5.09,5.12,5.08,5.07,5.22
2006-08-01,4.88,4.90,5.09,4.85,5.08
2006-09-01,4.72,4.77,4.93,4.69,4.97
2006-10-01,4.73,4.80,5.05,4.72,5.01
2006-11-01,4.60,4.74,5.07,4.64,5.01
2006-12-01,4.56,4.67,4.97,4.58,4.94
2007-01-01,4.76,4.88,5.11,4.79,5.06
2007-02-01,4.72,4.85,5.16,4.75,5.05
2007-03-01,4.56,4.57,5.08,4.51,4.92
2007-04-01,4.69,4.67,5.01,4.60,4.93
2007-05-01,4.75,4.77,4.87,4.69,4.91
2007-06-01,5.10,4.98,4.74,5.00,4.96
2007-07-01,5.00,4.82,4.96,4.82,4.96
2007-08-01,4.67,4.31,4.32,4.34,4.47
2007-09-01,4.52,4.01,3.99,4.06,4.14
2007-10-01,4.53,3.97,4.00,4.01,4.10
2007-11-01,4.15,3.34,3.35,3.35,3.50
2007-12-01,4.10,3.12,3.07,3.13,3.26
2008-01-01,3.74,2.48,2.82,2.51,2.71
2008-02-01,3.74,1.97,2.17,2.19,2.05
2008-03-01,3.51,1.62,1.28,1.80,1.54
2008-04-01,3.68,2.05,1.31,2.23,1.74
2008-05-01,3.88,2.45,1.76,2.69,2.06
2008-06-01,4.10,2.77,1.89,3.08,2.42
2008-07-01,4.01,2.57,1.66,2.87,2.28
2008-08-01,3.89,2.42,1.75,2.70,2.18
2008-09-01,3.69,2.08,1.15,2.32,1.91
2008-10-01,3.81,1.61,0.69,1.86,1.42
2008-11-01,3.53,1.21,0.19,1.51,1.07
2008-12-01,2.42,0.82,0.03,1.07,0.49
2009-01-01,2.52,0.81,0.13,1.13,0.44
2009-02-01,2.87,0.98,0.30,1.37,0.62
2009-03-01,2.82,0.93,0.22,1.31,0.64
2009-04-01,2.93,0.93,0.16,1.32,0.55
2009-05-01,3.29,0.93,0.18,1.39,0.50
2009-06-01,3.72,1.18,0.18,1.76,0.51
2009-07-01,3.56,1.02,0.18,1.55,0.48
2009-08-01,3.59,1.12,0.17,1.65,0.46
2009-09-01,3.40,0.96,0.12,1.48,0.40
2009-10-01,3.39,0.95,0.07,1.46,0.37
2009-11-01,3.40,0.80,0.05,1.32,0.31
2009-12-01,3.59,0.87,0.05,1.38,0.37
2010-01-01,3.73,0.93,0.06,1.49,0.35
2010-02-01,3.69,0.86,0.11,1.40,0.35
2010-03-01,3.73,0.96,0.15,1.51,0.40
2010-04-01,3.85,1.06,0.16,1.64,0.45
2010-05-01,3.42,0.83,0.16,1.32,0.37
2010-06-01,3.20,0.72,0.12,1.17,0.32
2010-07-01,3.01,0.62,0.16,0.98,0.29
2010-08-01,2.70,0.52,0.16,0.78,0.26
2010-09-01,2.65,0.48,0.15,0.74,0.26
2010-10-01,2.54,0.38,0.13,0.57,0.23
2010-11-01,2.76,0.45,0.14,0.67,0.25
2010-12-01,3.29,0.62,0.14,0.99,0.29
2011-01-01,3.39,0.61,0.15,1.03,0.27
2011-02-01,3.58,0.77,0.13,1.28,0.29
2011-03-01,3.41,0.70,0.10,1.17,0.26
2011-04-01,3.46,0.73,0.06,1.21,0.25
2011-05-01,3.17,0.56,0.04,0.94,0.19
2011-06-01,3.00,0.41,0.04,0.71,0.18
2011-07-01,3.00,0.41,0.04,0.68,0.19
2011-08-01,2.30,0.23,0.02,0.38,0.11
2011-09-01,1.98,0.21,0.01,0.35,0.10
2011-10-01,2.15,0.28,0.02,0.47,0.11
2011-11-01,2.01,0.25,0.01,0.39,0.11
2011-12-01,1.98,0.26,0.01,0.39,0.12
2012-01-01,1.97,0.24,0.03,0.36,0.12
2012-02-01,1.97,0.28,0.09,0.38,0.16
2012-03-01,2.17,0.34,0.08,0.51,0.19
2012-04-01,2.05,0.29,0.08,0.43,0.18
2012-05-01,1.80,0.29,0.09,0.39,0.19
2012-06-01,1.62,0.29,0.09,0.39,0.19
2012-07-01,1.53,0.25,0.10,0.33,0.19
2012-08-01,1.68,0.27,0.10,0.37,0.18
2012-09-01,1.72,0.26,0.11,0.34,0.18
2012-10-01,1.75,0.28,0.10,0.37,0.18
2012-11-01,1.65,0.27,0.09,0.36,0.18
2012-12-01,1.72,0.26,0.07,0.35,0.16
2013-01-01,1.91,0.27,0.07,0.39,0.15
2013-02-01,1.98,0.27,0.10,0.40,0.16
2013-03-01,1.96,0.26,0.09,0.39,0.15
2013-04-01,1.76,0.23,0.06,0.34,0.12
2013-05-01,1.93,0.25,0.04,0.40,0.12
2013-06-01,2.30,0.33,0.05,0.58,0.14
2013-07-01,2.58,0.34,0.04,0.64,0.12
2013-08-01,2.74,0.36,0.04,0.70,0.13
2013-09-01,2.81,0.40,0.02,0.78,0.12
2013-10-01,2.62,0.34,0.05,0.63,0.12
2013-11-01,2.72,0.30,0.07,0.58,0.12
2013-12-01,2.90,0.34,0.07,0.69,0.13
2014-01-01,2.86,0.39,0.04,0.78,0.12
2014-02-01,2.71,0.33,0.05,0.69,0.12
2014-03-01,2.72,0.40,0.05,0.82,0.13
2014-04-01,2.71,0.42,0.03,0.88,0.11
2014-05-01,2.56,0.39,0.03,0.83,0.10
2014-06-01,2.60,0.45,0.04,0.90,0.10
2014-07-01,2.54,0.51,0.03,0.97,0.11
2014-08-01,2.42,0.47,0.03,0.93,0.11
2014-09-01,2.53,0.57,0.02,1.05,0.11
2014-10-01,2.30,0.45,0.02,0.88,0.10
2014-11-01,2.33,0.53,0.02,0.96,0.13
2014-12-01,2.21,0.64,0.03,1.06,0.21
2015-01-01,1.88,0.55,0.03,0.90,0.20
2015-02-01,1.98,0.62,0.02,0.99,0.22
2015-03-01,2.04,0.64,0.03,1.02,0.25
2015-04-01,1.94,0.54,0.02,0.87,0.23
2015-05-01,2.20,0.61,0.02,0.98,0.24
2015-06-01,2.36,0.69,0.02,1.07,0.28
2015-07-01,2.32,0.67,0.03,1.03,0.30
2015-08-01,2.17,0.70,0.07,1.03,0.38
2015-09-01,2.17,0.71,0.02,1.01,0.37
2015-10-01,2.07,0.64,0.02,0.93,0.26
2015-11-01,2.26,0.88,0.13,1.20,0.48
2015-12-01,2.24,0.98,0.23,1.28,0.65
2016-01-01,2.09,0.90,0.26,1.14,0.54
2016-02-01,1.78,0.73,0.31,0.90,0.53
2016-03-01,1.89,0.88,0.30,1.04,0.66
2016-04-01,1.81,0.77,0.23,0.92,0.56
2016-05-01,1.81,0.82,0.28,0.97,0.59
2016-06-01,1.64,0.73,0.27,0.86,0.55
2016-07-01,1.50,0.67,0.30,0.79,0.51
2016-08-01,1.56,0.74,0.30,0.85,0.57
2016-09-01,1.63,0.77,0.29,0.90,0.59
2016-10-01,1.76,0.84,0.33,0.99,0.66
2016-11-01,2.14,0.98,0.45,1.22,0.74
2016-12-01,2.49,1.20,0.51,1.49,0.87
2017-01-01,2.43,1.21,0.52,1.48,0.83
2017-02-01,2.42,1.20,0.53,1.47,0.82
2017-03-01,2.48,1.31,0.75,1.59,1.01
2017-04-01,2.30,1.24,0.81,1.44,1.04
2017-05-01,2.30,1.30,0.90,1.48,1.12
2017-06-01,2.19,1.34,1.00,1.49,1.20
2017-07-01,2.32,1.37,1.09,1.54,1.22
2017-08-01,2.21,1.34,1.03,1.48,1.23
2017-09-01,2.20,1.38,1.05,1.51,1.28
2017-10-01,2.36,1.55,1.09,1.68,1.40
2017-11-01,2.35,1.70,1.25,1.81,1.56
2017-12-01,2.40,1.84,1.34,1.96,1.70
2018-01-01,2.58,2.03,1.43,2.15,1.80
2018-02-01,2.86,2.18,1.59,2.36,1.96
2018-03-01,2.84,2.28,1.73,2.42,2.06
2018-04-01,2.87,2.38,1.79,2.52,2.15
2018-05-01,2.98,2.51,1.90,2.66,2.27
2018-06-01,2.91,2.53,1.94,2.65,2.33
2018-07-01,2.89,2.61,1.99,2.70,2.39
2018-08-01,2.89,2.64,2.07,2.71,2.45
2018-09-01,3.00,2.77,2.17,2.84,2.56
2018-10-01,3.15,2.86,2.29,2.94,2.65
2018-11-01,3.12,2.86,2.37,2.91,2.70
2018-12-01,2.83,2.68,2.41,2.67,2.66
2019-01-01,2.71,2.54,2.42,2.52,2.58
2019-02-01,2.68,2.50,2.44,2.48,2.55
2019-03-01,2.57,2.41,2.45,2.37,2.49
2019-04-01,2.53,2.34,2.43,2.31,2.42
2019-05-01,2.40,2.21,2.40,2.16,2.34
2019-06-01,2.07,1.81,2.22,1.78,2.00
2019-07-01,2.06,1.84,2.15,1.80,1.96
2019-08-01,1.63,1.57,1.99,1.51,1.77
2019-09-01,1.70,1.65,1.93,1.59,1.80
2019-10-01,1.71,1.55,1.68,1.53,1.61
2019-11-01,1.81,1.61,1.57,1.61,1.57
2019-12-01,1.86,1.61,1.57,1.63,1.55
2020-01-01,1.76,1.52,1.55,1.52,1.53
2020-02-01,1.50,1.33,1.54,1.31,1.41
2020-03-01,0.87,0.45,0.30,0.50,0.33
2020-04-01,0.66,0.22,0.14,0.28,0.18
